id,name,lat,lng
0,A Coruña,43.3699,-8.4096
1,Aabenraa,55.033,9.4398
2,Aachen,50.7766,6.1607
3,Aalborg,57.0421,9.9145
4,Aalsmeer,52.2595,4.7536
5,Aarburg,47.3197,7.8979
6,Aarhus,56.1567,10.2153
7,Aarlanderveen,52.1401,4.731
8,Aberystwyth,52.4112,-4.0716
9,Abu Dhabi,24.4542,54.406
10,Acapulco de Juárez,16.9103,-99.7727
11,Acton,42.4748,-71.4499
12,Adachi City,35.7627,139.8063
13,Addis Ababa,9.0245,38.7485
14,Adelaide,-34.9282,138.5999
15,Affoltern am Albis,47.2736,8.4592
16,Agadir,30.4189,-9.5929
17,Ageo,35.9766,139.5892
18,Ajax,43.8769,-79.0052
19,Akureyri,65.6812,-18.0822
20,Alameda,37.7688,-122.262
21,Albany,42.6899,-73.733
22,Albuquerque,35.0813,-106.6212
23,Alcobendas,40.5395,-3.6456
24,Alcorcón,40.3425,-3.8185
25,Aldie,38.9757,-77.6414
26,Alexandria,38.8078,-77.0523
27,Alingsås,57.9297,12.5311
28,Aliquippa,40.6367,-80.2401
29,Alkmaar,52.6429,4.7392
30,Allen Park,42.2523,-83.2107
31,Allentown,40.595,-75.5289
32,Allschwil,47.5457,7.5365
33,Almassora,39.9421,-0.0702
34,Almaty,43.2525,76.9115
35,Almaty Region,44.0667,76.45
36,Almere Stad,52.3933,5.2669
37,Almería,36.7665,-2.6146
38,Altleiningen,49.509,8.0686
39,Amarillo,35.1655,-101.8857
40,American Fork,40.3769,-111.7958
41,Ames,42.0373,-93.6005
42,Amherst,42.3654,-72.4671
43,Amiens,49.9007,2.2968
44,Amstelveen,52.2829,4.8287
45,Amsterdam,52.3759,4.8975
46,Anchorage,61.2199,-149.9077
47,Anderson,40.0993,-85.6848
48,Andorra la Vella,42.5055,1.5243
49,Angered,57.7797,12.0996
50,Aniane,43.6894,3.5892
51,Ankara,39.9207,32.854
52,Ann Arbor,42.2807,-83.7801
53,Ansonia,41.3434,-73.0806
54,Antalya,36.9095,30.6949
55,Antananarivo,-18.913,47.5296
56,Antibes,43.5866,7.1242
57,Antigonish,45.6165,-61.9949
58,Antony,48.7498,2.3044
59,Antwerp,51.2192,4.3917
60,Ardmore,34.1602,-97.1814
61,Arezzo,43.4631,11.8783
62,Arima,10.6356,-61.2834
63,Arkhangelsk,64.543,40.5371
64,Arlington,32.754,-97.1363
65,Arnhem,51.9804,5.9149
66,Arni,47.3172,8.4291
67,Arnsberg,51.4254,7.9866
68,Arpajon,48.5919,2.2508
69,Aschaffenburg,49.9618,9.1634
70,Aschheim,48.1742,11.7117
71,Ashburn,39.0469,-77.4903
72,Asheville,35.5947,-82.5545
73,Ashland,40.8687,-82.3182
74,Ashwaubenon,44.4766,-88.0678
75,Asperup,55.488,9.9009
76,Assago,45.4641,9.281
77,Assendelft,52.4666,4.7487
78,Astana,51.1876,71.4491
79,Asti,44.8993,8.2101
80,Athens,37.9842,23.7353
81,Atlanta,33.7485,-84.3871
82,Aubagne,43.2943,5.572
83,Aubervilliers,48.9163,2.3869
84,Aubière,45.7539,3.1156
85,Auburndale,44.6269,-90.0076
86,Auckland,-36.8017,174.7533
87,Augsburg,48.3646,10.9049
88,Augusta,33.4724,-82.0889
89,Aumetz,49.422,5.9352
90,Aurora,39.6933,-104.7865
91,Austin,30.2107,-97.9427
92,Avellaneda,-34.6318,-58.3675
93,Avon,39.6313,-106.5108
94,Axams,47.2237,11.2811
95,Aylesbury,51.8167,-0.8055
96,Azcapotzalco,19.4994,-99.1965
97,Baar,47.1969,8.5333
98,Backnang,48.9462,9.4341
99,Bacoli,40.7934,14.072
100,Bad Salzuflen,52.0779,8.7468
101,Bad Vilbel,50.1809,8.738
102,Badhoevedorp,52.3388,4.7827
103,Baghdad,33.3364,44.4004
104,Bainbridge Island,47.6222,-122.52
105,Bakersfield,35.3965,-119.1268
106,Ballarat,-37.5691,143.8561
107,Ballerup Municipality,55.7327,12.3656
108,Ballyclare,54.7682,-6.0186
109,Baltimore,39.3516,-76.629
110,Bamberg,49.8812,10.888
111,Bandhagen,59.2921,18.0429
112,Bangkok,13.7101,100.4543
113,Barakaldo,43.2982,-3.0016
114,Barcelona,41.442,2.171
115,Barford St Michael,51.9833,-1.3667
116,Bari,41.1122,16.8547
117,Barnes,51.4746,-0.2517
118,Barnet,51.5975,-0.1915
119,Barneveld,52.1447,5.5928
120,Barrington,43.2229,-71.047
121,Barsbüttel,53.5635,10.1627
122,Basalt,39.3678,-107.0372
123,Basel,47.5421,7.5962
124,Bat Yam,32.0236,34.7522
125,Batavia,42.9968,-78.1888
126,Batley,53.7037,-1.639
127,Battweiler,49.2766,7.4593
128,Baume-les-Dames,47.3551,6.3627
129,Beauharnois,45.3161,-73.8736
130,Beaverton,45.4549,-122.8017
131,Bech,49.7426,6.3631
132,Beckenham,51.4098,-0.0249
133,Bee Branch,35.4509,-92.3946
134,Beijing,39.911,116.395
135,Belfaux,46.832,7.0972
136,Belgrade,44.8046,20.4637
137,Bellaire,29.7023,-95.4592
138,Bellevue,47.6131,-122.2053
139,Bellflower,33.8838,-118.1261
140,Bellingham,48.6914,-122.4133
141,Bellmawr,39.8713,-75.0965
142,Belmont,42.3935,-71.1836
143,Belo Horizonte,-19.9218,-43.9359
144,Beloit,42.5649,-89.0843
145,Belper,53.0264,-1.4894
146,Beltsville,39.0471,-76.9285
147,Benavídez,-34.4097,-58.7143
148,Bend,44.0185,-121.2984
149,Bengaluru,12.9753,77.591
150,Benin City,6.3332,5.6238
151,Benito Juarez,19.3808,-99.1982
152,Bennettsville,34.6264,-79.689
153,Bensheim,49.683,8.6219
154,Bergamo,45.7049,9.6698
155,Bergen,60.3951,5.3237
156,Bergen op Zoom,51.4981,4.2906
157,Bergschenhoek,51.9874,4.4984
158,Berkel en Rodenrijs,51.992,4.4811
159,Berkeley,37.8611,-122.2564
160,Berlin,52.4608,13.5761
161,Bermel,50.2794,7.0847
162,Bern,46.9491,7.4199
163,Bertinoro,44.1506,12.1346
164,Berwyn,41.839,-87.7892
165,Bestensee,52.2368,13.646
166,Betanzos,43.2829,-8.2135
167,Bethlehem,40.6657,-75.3364
168,Bettembourg,49.5224,6.1049
169,Bexley,51.4409,0.0985
170,Biberach an der Riss,48.0945,9.7916
171,Bielefeld,51.974,8.473
172,Biggleswade,52.085,-0.2683
173,Bilbao,43.2481,-2.9209
174,Billerica,42.5584,-71.269
175,Billère,43.2985,-0.3989
176,Binningen,47.5342,7.5687
177,Birmingham,52.5451,-1.881
178,Bischofswiesen,47.627,12.9761
179,Bishkek,42.8696,74.5932
180,Bismarck,46.8045,-100.7865
181,Blackwood,39.8023,-75.0641
182,Blair,41.5471,-96.1591
183,Blois,47.5967,1.3261
184,Blommenholm,59.8989,10.5404
185,Bloomingdale,40.3772,-80.8083
186,Boardman,45.8401,-119.705
187,Bochum,51.45,7.1999
188,Bogor,-6.4182,106.9508
189,Bogotá,4.7445,-74.0615
190,Bois-Colombes,48.9245,2.2723
191,Bois-Guillaume,49.4598,1.1187
192,Boise,43.5784,-116.2179
193,Boissy-Saint-Léger,48.7519,2.5136
194,Boksburg,-26.2198,28.251
195,Bollate,45.547,9.1241
196,Bologna,44.4847,11.328
197,Bolzano,46.4887,11.3394
198,Bonaire,32.5505,-83.6044
199,Bonn,50.7617,7.0512
200,Boone,42.0727,-93.8718
201,Bordeaux,44.8412,-0.5806
202,Borgerhout,51.2069,4.4432
203,Borne,52.2964,6.7403
204,Borås,57.7192,12.9412
205,Boston,42.3574,-71.0618
206,Bothell,47.7946,-122.2193
207,Boucherville,45.5954,-73.4365
208,Bournemouth,50.7519,-1.8708
209,Bowie,38.9191,-76.782
210,Bowling Green,36.9375,-86.4481
211,Boydton,36.6694,-78.3877
212,Bozeman,45.6714,-111.0436
213,Bracknell,51.4036,-0.7618
214,Bradenton,27.4544,-82.6323
215,Brampton,43.7197,-79.688
216,Brande,55.9399,9.1159
217,Bratislava,48.1715,17.1678
218,Braunschweig,52.2784,10.5439
219,Breitengüßbach,49.9721,10.888
220,Brembilla,45.8761,9.6368
221,Bremen,53.0554,8.8092
222,Brent,51.5516,-0.1881
223,Brescia,45.5336,10.2194
224,Brest,48.3877,-4.4839
225,Bridgeport,41.2045,-73.1988
226,Brigham City,41.5073,-112.0167
227,Brighton,50.8545,-0.1502
228,Brisbane,-27.4683,153.0322
229,Bristol,51.4351,-2.5419
230,Brno,49.1953,16.6016
231,Broken Arrow,35.9928,-95.8152
232,Bromma,55.4478,13.7962
233,Bromölla,56.0737,14.4566
234,Brooklyn,40.6643,-73.9763
235,Broomfield,39.8831,-105.1122
236,Bruchmühlbach-Miesau,49.3834,7.4293
237,Bruchsal,49.1231,8.6011
238,Brumunddal,60.8814,10.9344
239,Brunello,45.7612,8.7974
240,Brunn am Gebirge,48.107,16.2911
241,Brussels,50.8534,4.347
242,Bry-sur-Marne,48.8373,2.5162
243,Bryan,30.8186,-96.3084
244,Bryne,58.7361,5.645
245,Brøndby,55.649,12.4186
246,Bucaramanga,7.1274,-73.1191
247,Bucharest,44.4291,26.1006
248,Buckhannon,38.994,-80.232
249,Budapest,47.5,19.0412
250,Bude,50.8247,-4.5437
251,Buenos Aires,-34.6142,-58.3811
252,Buffalo,42.9732,-78.8475
253,Bugyi,47.2279,19.1466
254,Buies Creek,35.4165,-78.7384
255,Bungarribee,-33.8035,150.8831
256,Burgthann,49.3519,11.3079
257,Burlington,43.4327,-79.8709
258,Burnaby,49.2635,-122.9331
259,Bury,53.5972,-2.3013
260,Butler,40.8409,-79.8592
261,Bytom,50.3541,18.9192
262,Béziers,43.3389,3.2086
263,Børgen,59.8228,10.4329
264,Büchen,53.4786,10.6118
265,Bünde,52.2014,8.5876
266,Cabedelo,-7.0253,-34.8529
267,Cairo,30.0507,31.2489
268,Caldwell,40.852,-74.2842
269,Calgary,51.1202,-113.9429
270,Calne,51.4362,-2.0094
271,Camargo,43.4207,-3.8407
272,Cambiano,44.9668,7.7766
273,Cambridge,42.3907,-71.1349
274,Camden,51.5415,-0.1445
275,Campbell River,49.9077,-125.5921
276,Campinas,-22.8951,-47.0439
277,Campulung Moldovenesc,47.5329,25.5623
278,Canberra,-35.3983,149.1174
279,Canfield,41.0272,-80.7518
280,Canonsburg,40.2626,-80.1873
281,Canterbury,51.3005,1.1233
282,Cape Town,-33.9258,18.4259
283,Capelle aan den IJssel,51.9277,4.5844
284,Capua,41.1107,14.2164
285,Carcassonne,43.2167,2.3493
286,Cardiff,51.5893,-2.9931
287,Carlisle,40.2389,-77.1935
288,Carlow,52.8397,-6.9342
289,Carmiano,40.3426,18.0392
290,Carrollton,33.0289,-96.874
291,Cary,35.8047,-78.8881
292,Caslano,45.9706,8.8745
293,Casteggio,45.0116,9.1195
294,Castelló de la Plana,40.2109,0.0324
295,Castlegar,49.2999,-117.6745
296,Castlemaine,-37.0648,144.2125
297,Castrop-Rauxel,51.5505,7.317
298,Catford,51.4402,-0.0259
299,Cedar Knolls,40.8229,-74.4592
300,Celina,40.5489,-84.5702
301,Cenon,44.8567,-0.5286
302,Central,22.2806,114.1612
303,Centreville,38.8463,-77.4667
304,Centro,-34.9055,-56.1944
305,Centurion,-25.8776,28.1682
306,Cergy,49.0346,2.0741
307,Cesson,48.5601,2.6117
308,Champaign,40.112,-88.2365
309,Chandigarh,30.7339,76.7889
310,Chandler,33.2727,-111.8278
311,Changsha,28.2014,112.9611
312,Changwon,35.138,128.7034
313,Changzhi,36.1839,113.1053
314,Changzhou,31.7685,119.9527
315,Changé,48.0988,-0.7873
316,Chania,35.5174,24.0169
317,Charlotte,35.1796,-80.8459
318,Chartres,48.449,1.489
319,Chaykovskaya,58.1232,55.5439
320,Chelmsford,51.7004,0.4446
321,Chennai,13.0895,80.2739
322,Chesapeake,36.6434,-76.242
323,Chesterton,41.6133,-87.0446
324,Chevry-Cossigny,48.7264,2.6551
325,Chevy Chase,38.9779,-77.0806
326,Cheyenne,41.1437,-104.8117
327,Chełm,51.1363,23.4645
328,Chiang Mai,18.7857,98.9736
329,Chicago,41.8868,-87.6386
330,Chichester,50.8388,-0.777
331,Chipping Norton,51.9376,-1.5368
332,Chisinau,47.0042,28.8574
333,Chislehurst,51.4176,0.0692
334,Chiswick,51.4936,-0.2583
335,Cholula,19.0626,-98.3057
336,Chongqing,29.5689,106.5577
337,Choteau,47.8124,-112.1836
338,Christchurch,-43.5333,172.6333
339,Chuncheon,37.8897,127.736
340,Cincinnati,39.1547,-84.5911
341,City of London,51.5164,-0.093
342,City of Westminster,51.5026,-0.1339
343,Clatskanie,46.1012,-123.2068
344,Cleveland,41.4951,-81.4657
345,Cliffside Park,40.8177,-73.9771
346,Clifton,40.8364,-74.1403
347,Clinton,32.3442,-90.3206
348,Cluses,46.0619,6.5725
349,Coatesville,39.9828,-75.8239
350,Coburg,50.2595,10.9691
351,Cochabamba,-17.3822,-66.1518
352,Coimbatore,11.0102,76.9701
353,Coleford,51.8001,-2.6115
354,Collierville,35.0644,-89.6759
355,Collingwood,44.4799,-80.2168
356,Colmar,48.0835,7.3531
357,Cologne,50.9298,6.9489
358,Colombes,48.9138,2.2569
359,Colorado Springs,38.9129,-104.7794
360,Columbus,39.9625,-83.0061
361,Compiègne,49.4199,2.823
362,Concord,37.9545,-121.9759
363,Conshohocken,40.0825,-75.3044
364,Copenhagen,55.6482,12.6014
365,Coquitlam,49.2391,-122.8531
366,Cork,51.8967,-8.4683
367,Cornas,44.9669,4.8593
368,Corvallis,44.5632,-123.28
369,Coslada,40.4201,-3.5631
370,Cotonou,6.3669,2.4151
371,Cottbus,51.7671,14.3495
372,Council Bluffs,41.2591,-95.8517
373,Courbevoie,48.8954,2.2574
374,Coventry,52.4259,-1.4628
375,Craig,40.5247,-107.5589
376,Craiova,44.318,23.7967
377,Cranston,41.7689,-71.4758
378,Crestview,30.7617,-86.5883
379,Cricklewood,51.5591,-0.2283
380,Croydon,51.3915,-0.0736
381,Cuenca,-2.8976,-79.0045
382,Cugnaux,43.5383,1.34
383,Culpeper,38.4732,-77.9967
384,Cumming,34.2319,-84.1627
385,Curicó,-34.9826,-71.2344
386,Curitiba,-25.5026,-49.2908
387,Curridabat,9.9145,-84.0379
388,Cyberjaya,2.9679,101.653
389,Częstochowa,50.8047,19.1034
390,Dahlem,50.3825,6.5482
391,Dalkeith,55.8914,-3.0782
392,Dallas,32.7889,-96.8021
393,Damme,52.5232,8.1894
394,Darlington,54.5245,-1.551
395,Darmstadt,49.8613,8.6368
396,Dartmouth,44.6835,-63.5778
397,Daugavpils,55.8822,26.5268
398,Daventry,52.2493,-1.1642
399,Dayton,39.8378,-84.1111
400,De Pere,44.4489,-88.0604
401,Debrecen,47.5232,21.6334
402,Delft,52.0134,4.3655
403,Delhi,28.6542,77.2373
404,Denham Springs,30.4549,-90.9029
405,Denison,33.7422,-96.5515
406,Denver,39.696,-105.0346
407,Des Moines,41.6015,-93.6127
408,Detroit,42.3575,-83.2162
409,Deventer,52.2711,6.1646
410,Dhaka,23.7278,90.4135
411,Diemen,52.3327,4.9599
412,Dietmannsried,47.8024,10.2944
413,Dietzenbach,50.0125,8.7792
414,Dijon,47.3167,5.0139
415,Dilbeek,50.8485,4.2602
416,Dobrich,43.5606,27.8299
417,Donetsk,48.0243,37.8115
418,Dongen,51.6185,4.9372
419,Donostia / San Sebastian,43.3126,-1.9745
420,Dordrecht,51.8022,4.7264
421,Dormagen,51.1096,6.7721
422,Dornach,47.4745,7.6137
423,Dornbirn,47.4133,9.7461
424,Dorsten,51.6511,6.9624
425,Dortmund,51.4709,7.4367
426,Dos Hermanas,37.2866,-5.9208
427,Douglasville,33.7596,-84.7463
428,Dover,40.9241,-74.5464
429,Drachten,53.1235,6.0974
430,Dracut,42.6582,-71.3058
431,Draguignan,43.5348,6.4635
432,Draper,40.5084,-111.8838
433,Dreieich,50.0188,8.6956
434,Dresden,51.0831,13.691
435,Droitwich,52.2703,-2.1522
436,Dronten,52.5281,5.7137
437,Drunen,51.686,5.1204
438,Druten,51.8862,5.6012
439,Drăgăeşti-Pământeni,44.9494,25.3031
440,Dubai,25.0734,55.2979
441,Dublin,53.3382,-6.2591
442,Dubnica nad Váhom,48.9651,18.171
443,Dubno,50.4139,25.7373
444,Dudley,52.503,-2.0839
445,Duivendrecht,52.3327,4.9324
446,Dulles,39.0019,-77.4556
447,Duluth,46.7998,-92.0907
448,Dumfries,55.0696,-3.6114
449,Dunajská Lužná,48.0811,17.2637
450,Dundee,56.5158,-3.1546
451,Dunedin,-45.84,170.5148
452,Dunfermline,56.0307,-3.4906
453,Durango,24.0705,-104.6435
454,Durham,35.9968,-78.8955
455,Dzerzhinsk,56.235,43.4608
456,Décines-Charpieu,45.7665,4.9635
457,Dübendorf,47.3975,8.6209
458,Düdingen,46.8504,7.1854
459,Düsseldorf,51.246,6.7485
460,Eagle Mountain,40.3141,-112.0069
461,Ealing,51.5096,-0.2942
462,East Amherst,43.0184,-78.6967
463,East Lansing,42.7367,-84.4758
464,East Longmeadow,42.061,-72.506
465,Eastpointe,42.4658,-82.9459
466,Eaunes,43.4144,1.3476
467,Ebersbach an der Fils,48.7128,9.5217
468,Ebina,35.4389,139.3899
469,Eckernförde,54.4689,9.8451
470,Ede,52.0244,5.6429
471,Edgewood,35.0614,-106.1914
472,Edinburgh,55.9495,-3.1983
473,Edison,40.5237,-74.4151
474,Edmonton,53.6095,-113.5719
475,Edogawa City,35.6907,139.8767
476,Eggenfelden,48.4066,12.754
477,Eggenstein-Leopoldshafen,49.0894,8.4008
478,Egå,56.2211,10.3002
479,Eindhoven,51.4783,5.4965
480,Eisenach,50.9831,10.3168
481,Ejea de los Caballeros,42.1223,-1.1367
482,Ekerö,59.2917,17.8194
483,El Campello,38.4275,-0.3934
484,El Dorado Hills,38.6841,-121.0676
485,El Paso,31.8378,-106.538
486,El Talar,-34.4461,-58.6458
487,Elizabeth,40.6763,-74.2244
488,Elk City,35.4123,-99.425
489,Elk Grove Village,42.0048,-87.9954
490,Elk River,45.3038,-93.5672
491,Elkins,38.9216,-79.8467
492,Emalahleni,-25.866,29.2324
493,Embourg,50.5945,5.6074
494,Emmendingen,48.1159,7.848
495,Empoli,43.7228,10.9426
496,Endicott,42.1506,-76.0551
497,Enfield,51.6449,-0.043
498,Enge-Sande,54.7348,8.9676
499,Enschede,52.2385,6.8706
500,Enskede-Årsta-Vantör,59.2823,18.0646
501,Enumclaw,47.2043,-121.9915
502,Eppelborn,49.4032,6.969
503,Ercuis,49.2404,2.3
504,Erfurt,50.9965,11.0144
505,Erkelenz,51.0803,6.3118
506,Erlangen,49.5939,11.0
507,Erlinsbach AG,47.4173,8.006
508,Eschweiler,50.8178,6.2776
509,Espoo,60.1977,24.6774
510,Essen,51.4331,7.0138
511,Etobicoke,43.6412,-79.5756
512,Eugene,44.0534,-123.0832
513,Evanston,42.0311,-87.6858
514,Evansville,37.9692,-87.5772
515,Everett,47.9856,-122.2002
516,Exeter,50.7374,-3.4708
517,Fagersta,60.0012,15.7848
518,Fair Oaks,38.6614,-121.2636
519,Fairfax,38.8503,-77.2985
520,Fairfield,38.267,-122.044
521,Falkenberg,56.9012,12.498
522,Falkenstein,50.4777,12.3649
523,Fall River,44.8748,-63.4702
524,Fallbrook,33.3683,-117.2333
525,Fargo,46.8524,-96.8121
526,Faridabad,28.4098,77.31
527,Farmington,42.958,-77.3083
528,Fayetteville,36.0961,-94.1708
529,Fellbach,48.8086,9.2792
530,Fenton,42.7935,-83.6983
531,Fernelmont,50.5494,4.987
532,Fes,34.0368,-5.0008
533,Finale Emilia,44.8365,11.2901
534,Flagstaff,35.1872,-111.6596
535,Flawil,47.4131,9.1842
536,Florence,43.7825,11.2516
537,Florianópolis,-27.6168,-48.4997
538,Florissant,38.8025,-90.3448
539,Flushing,51.4641,3.5803
540,Folkestone,51.0796,1.1885
541,Fontana,34.1211,-117.4362
542,Forlì,44.2251,12.047
543,Fort Collins,40.5377,-105.0546
544,Fort Lee,40.8492,-73.9735
545,Fort Leonard Wood,37.7057,-92.1572
546,Fort Wayne,41.107,-85.0663
547,Fort Worth,32.6717,-97.4083
548,Fowlerville,42.6628,-84.0726
549,Framingham,42.2832,-71.4296
550,Frankenthal,49.54,8.3552
551,Frankfurt (Oder),52.3261,14.5297
552,Frankfurt am Main,50.1169,8.6837
553,Franklin,42.9016,-88.0095
554,Frasdorf,47.8049,12.285
555,Frattaminore,40.9544,14.267
556,Frauenfeld,47.5593,8.8961
557,Frederiksberg,55.6769,12.5268
558,Freiburg im Breisgau,48.0211,7.8177
559,Freising,48.3943,11.7319
560,Fremont,37.5625,-122.0004
561,Fresno,36.7986,-119.8107
562,Fribourg,46.8089,7.1626
563,Front Royal,38.9301,-78.1887
564,Frosinone,41.6331,13.3415
565,Fukuda,35.4653,139.454
566,Fukuoka,33.5752,130.4198
567,Fuquay-Varina,35.5831,-78.7881
568,Furtwangen im Schwarzwald,48.0555,8.2087
569,Førde,61.4604,5.8612
570,Fürth,49.495,10.9453
571,Gabès,33.8747,10.1023
572,Gaillac,43.896,1.8957
573,Gainesville,29.6825,-82.3606
574,Gandaria Utara,-6.2537,106.7923
575,Gangnam-gu,37.4909,127.0452
576,Gangseo-gu,37.5699,126.853
577,Gardelegen,52.5253,11.4008
578,Garden City,40.7244,-73.6484
579,Garland,32.915,-96.6751
580,Garner,35.7113,-78.6142
581,Gatineau,45.437,-75.8473
582,Gaupne,61.4023,7.2881
583,Gaylord,45.013,-84.6719
584,Gaza,31.5019,34.4666
585,Gdansk,54.3875,18.5968
586,Gdynia,54.527,18.5388
587,Geiselhöring,48.8296,12.3913
588,Gelsenkirchen,51.5717,7.1167
589,Geneva,46.2052,6.142
590,Genoa,44.4071,8.95
591,Gerlafingen,47.1725,7.5763
592,Germantown,39.1361,-77.2824
593,Gescher,51.9594,7.0115
594,Geumcheon-gu,37.4784,126.8982
595,Ghent,51.047,3.7206
596,Gif-sur-Yvette,48.6831,2.1324
597,Gijang-gun,35.2751,129.2158
598,Gijón,43.5381,-5.6604
599,Gilroy,37.0156,-121.5779
600,Gimhae,35.2619,128.867
601,Gimpo-si,37.7542,126.557
602,Ginowan,26.2636,127.7548
603,Gjøvik,60.7902,10.6881
604,Glasgow,55.8473,-4.1825
605,Glen Allen,37.6653,-77.5364
606,Glen Burnie,39.1658,-76.6382
607,Gloucester,51.8686,-2.2446
608,Gmina Policzna,51.4545,21.6284
609,Goirle,51.523,5.0598
610,Goslar,51.9215,10.4283
611,Gothenburg,57.7065,11.967
612,Goyang-si,37.6792,126.8183
613,Grafing bei München,48.0461,11.9609
614,Graham,36.069,-79.4006
615,Grand Prairie,32.6609,-97.0342
616,Grand Rapids,42.9733,-85.7286
617,Granite City,38.7014,-90.1487
618,Graniteville,33.5593,-81.8165
619,Grans,43.6047,5.0737
620,Grapevine,32.9376,-97.0829
621,Gravelines,50.9855,2.1322
622,Graz,47.0257,15.5325
623,Great Falls,47.5075,-111.3417
624,Greeneville,36.2455,-82.8238
625,Greenfield,42.9475,-71.8697
626,Greenville,34.8493,-82.4041
627,Greenwich,51.4805,-0.0113
628,Grenoble,45.1769,5.7204
629,Gresham,45.4817,-122.4156
630,Greven,52.0932,7.6028
631,Grimsby,53.5621,-0.0808
632,Groningen,53.2222,6.5664
633,Groton,41.3625,-72.0449
634,Groß-Zimmern,49.8771,8.8383
635,Guangzhou,23.1181,113.2539
636,Guayaquil,-2.2038,-79.8819
637,Guelph,43.5698,-80.2421
638,Guildford,51.2221,-0.5755
639,Gumpoldskirchen,48.0461,16.273
640,Gwacheon,37.4257,126.9875
641,Gwanak-gu,37.4873,126.9227
642,Gävle,60.6741,17.1483
643,Göttingen,51.5325,9.9421
644,Gütersloh,51.9052,8.3719
645,Haar,48.1132,11.7288
646,Haarlem,52.3803,4.6422
647,Habugata,35.3168,139.2008
648,Hackensack,40.8905,-74.0504
649,Hackney,51.5507,-0.0998
650,Haifa,32.8259,34.9968
651,Haleyville,34.2265,-87.6214
652,Halifax,44.631,-63.6405
653,Hallein,47.6817,13.0974
654,Hallstadt,49.9273,10.8801
655,Halstenbek,53.6338,9.8429
656,Hamar,60.7917,11.0688
657,Hamburg,53.603,9.9568
658,Hamelin,52.1051,9.3632
659,Hamilton,39.1391,-77.6544
660,Hamina,60.5679,27.2148
661,Hamm,51.6885,7.7392
662,Handa,34.4996,135.5485
663,Handen,59.1667,18.1331
664,Hangzhou,30.2943,120.1663
665,Hanoi,21.0184,105.8461
666,Hanover,52.3933,9.772
667,Harlesden,51.5426,-0.2449
668,Harlow,51.7783,0.1061
669,Harringay,51.5827,-0.0901
670,Harrow,51.5828,-0.3448
671,Hartford,41.7431,-72.6827
672,Hasselt,50.935,5.3372
673,Hat Yai,7.0113,100.4745
674,Hattersheim,50.0845,8.4719
675,Haugesund,59.4116,5.2677
676,Haverhill,42.7853,-71.0714
677,Havertown,39.9776,-75.3099
678,Hays,38.8789,-99.3392
679,Haysi,37.2054,-82.294
680,Hayward,37.6403,-122.0667
681,Hazlet,40.4129,-74.2011
682,Heemstede,52.0319,5.1202
683,Heerhugowaard,52.6614,4.8267
684,Hefei,31.8696,117.293
685,Heide,54.1973,9.0976
686,Heiwajima,35.5819,139.7663
687,Helena,46.7074,-111.958
688,Hellevoetsluis,51.8428,4.1509
689,Helmond,51.482,5.6641
690,Helsingborg,56.045,12.6923
691,Helsinki,60.1719,24.9347
692,Hengelo,52.2685,6.7894
693,Hennigsdorf,52.6377,13.2161
694,Heredia,9.9888,-84.1256
695,Herisau,47.3883,9.2792
696,Herlev,55.734,12.4243
697,Hermiston,45.8486,-119.2848
698,Hermitage,41.2307,-80.4539
699,Herndon,38.9744,-77.3925
700,Herne,51.5506,7.2132
701,Herning,56.1455,8.9781
702,Herten,51.5983,7.1401
703,Hesperia,34.4179,-117.3064
704,Hessen,52.0209,10.7802
705,Higashihonchō,35.7659,139.5405
706,High Point,35.971,-80.0079
707,High Ridge,38.4589,-90.5365
708,High Wycombe,51.5705,-0.6839
709,Highland Park,40.4999,-74.4247
710,Hillegom,52.2897,4.5821
711,Hillingdon,51.5513,-0.4845
712,Hillsboro,45.526,-122.9874
713,Hilo,19.706,-155.0928
714,Hilversum,52.2197,5.1654
715,Himeji,34.8326,134.6722
716,Hirakata,34.8194,135.6492
717,Hiroshima,34.3998,132.4503
718,Hirschfeld,51.3837,13.6167
719,Hisings Kärra,57.6738,11.9538
720,Ho Chi Minh City,10.822,106.6257
721,Hobart,-42.8269,147.2566
722,Hoboken,40.7424,-74.0325
723,Hod HaSharon,32.1534,34.8926
724,Hohen Neuendorf,52.6741,13.2834
725,Hollabrunn,48.5513,16.0887
726,Holland,42.8125,-86.1416
727,Holmestrand,59.4602,10.1394
728,Holzgau,47.2549,10.3446
729,Honchō,35.7059,140.0004
730,Hong Kong,22.2842,114.1759
731,Honkomagome,35.7327,139.7463
732,Honolulu,21.293,-157.8268
733,Hoofddorp,52.3076,4.6845
734,Hoogvliet,51.8562,4.3651
735,Hoopa,41.0504,-123.6742
736,Hopkinton,42.232,-71.5361
737,Hoppstädten-Weiersbach,49.6128,7.1995
738,Horsens,55.8572,9.8606
739,Horten,59.417,10.4708
740,Houston,29.9357,-95.4014
741,Hradišťko,50.1653,14.9411
742,Hsinchu,24.8065,120.9706
743,Huddersfield,53.6479,-1.7812
744,Huddinge,59.238,17.9893
745,Hull,53.7606,-0.3734
746,Hungerford,51.4167,-1.5149
747,Huntersville,35.401,-80.8688
748,Huntington,40.8681,-73.4094
749,Huntsville,34.6174,-86.5538
750,Husum,54.4841,9.0522
751,Hutthurm,48.6701,13.4753
752,Hwaseong-si,37.2072,126.8168
753,Hyderabad,17.3843,78.4583
754,Hyères,43.1242,6.1252
755,Hägersten,59.3098,17.9796
756,Hällevadsholm,58.5864,11.5375
757,Hämeenlinna,61.0055,24.5122
758,Höchenschwand,47.737,8.1615
759,Hölstein,47.4218,7.7705
760,Høylandet,64.6288,12.3099
761,Hückeswagen,51.1509,7.3464
762,Hărman,45.7186,25.6796
763,IJsselstein,52.0091,5.0377
764,Ibiza Town,38.9076,1.4332
765,Iesi,43.5205,13.2424
766,Iksan,35.9579,126.9382
767,Ilioúpoli,37.9309,23.7728
768,Illzach,47.7728,7.345
769,Ilmenau,50.6811,10.9238
770,Incheon,37.4585,126.7015
771,Independence,39.0518,-94.4046
772,Indianapolis,39.7764,-86.1077
773,Ingelheim,49.9686,8.0641
774,Ingré,47.9191,1.8248
775,Inlet Beach,30.2802,-86.0331
776,Innsbruck,47.2637,11.4016
777,Inzai,35.8184,140.1232
778,Irkutsk,52.2984,104.2903
779,Irmo,34.0737,-81.1863
780,Irvine,33.6816,-117.8302
781,Irving,32.926,-96.9666
782,Islington,51.5327,-0.0996
783,Ismaning,48.2397,11.6858
784,Istanbul,41.0146,28.9532
785,Itami,34.7753,135.3984
786,Ituzaingó,-34.6671,-58.6691
787,Ivry-sur-Seine,48.8138,2.3873
788,Iwaki,37.0346,140.895
789,Iwata,34.7006,137.871
790,Iwonicz-Zdrój,49.5719,21.7977
791,Ixelles-Elsene,50.8344,4.368
792,Izhevsk,56.8501,53.1937
793,Izmir,38.4997,27.0675
794,Iztacalco,19.3859,-99.1189
795,Iztapalapa,19.3491,-99.0554
796,Jaboatão dos Guararapes,-8.1136,-35.0145
797,Jacksonville,30.3337,-81.6542
798,Jakarta,-6.2208,106.8403
799,Jakobstad,63.6733,22.7362
800,Janzé,47.962,-1.5004
801,Jena,50.8929,11.5963
802,Jeonju,35.8014,127.1076
803,Jersey City,40.7182,-74.0476
804,Jerusalem,31.7674,35.2186
805,Jesenice,49.9627,14.5168
806,Jessen,51.7644,12.8267
807,Jessheim,60.1543,11.1951
808,Jette,50.871,4.3356
809,Jiangsu,33.003,119.8357
810,Joensuu,62.6027,29.829
811,Johannesburg,-26.2309,28.0583
812,Johanneshov,59.3333,18.05
813,Johnston,41.675,-93.7016
814,Joigny,47.9799,3.3978
815,Jonesboro,35.7767,-90.7694
816,Juneau,43.4055,-88.7051
817,Jyderup,55.6614,11.4157
818,Jõhvi,59.3577,27.4222
819,Jönköping,57.7869,14.1594
820,Jülich,50.9214,6.3637
821,Kajang,3.0073,101.7723
822,Kaltenleutgeben,48.1147,16.1996
823,Kamień Pomorski,53.9718,14.7816
824,Kamiochiai,35.723,139.6748
825,Kamloops,50.5437,-120.0937
826,Kamp-Lintfort,51.4974,6.5403
827,Kampong Loyang,1.3665,103.9681
828,Kanagawa,35.4395,139.2703
829,Kanata,45.3004,-75.9213
830,Kanazawa,36.5995,136.6145
831,Kanniyākumāri,8.0951,77.5394
832,Kannur,11.8653,75.352
833,Kansas City,39.1027,-94.5778
834,Kaohsiung,22.6148,120.3139
835,Kaplice,48.7326,14.4782
836,Karlskrona,56.1625,15.5801
837,Karlsruhe,48.9966,8.4756
838,Katy,29.8323,-95.736
839,Kaunas,54.9048,23.8958
840,Kawaguchi,35.7949,139.7334
841,Kawasaki,35.5315,139.7259
842,Kearney,39.3644,-94.3634
843,Keene,42.963,-72.2929
844,Kehrsatz,46.9065,7.4719
845,Keller,32.9261,-97.2486
846,Kelowna,49.8956,-119.4897
847,Kempton Park,-26.115,28.2353
848,Kensington,51.489,-0.1696
849,Kent,47.3798,-122.2893
850,Kerpen,50.882,6.6949
851,Kershaw,34.5518,-80.5837
852,Kerteminde,55.4457,10.6534
853,Keswick,44.2501,-79.4663
854,Khmelnytskyi,49.4195,26.9959
855,Kiel,54.3274,10.1234
856,Kilchberg,47.3254,8.5513
857,Killeen,31.0065,-97.8406
858,Kingskerswell,50.5003,-3.5894
859,Kirchheim unter Teck,48.6489,9.4586
860,Kirkland,47.6784,-122.1857
861,Kiryat Ono,32.065,34.8578
862,Kista,59.3996,17.9484
863,Kitchener,43.4325,-80.4997
864,Kleinblittersdorf,49.1566,7.0322
865,Klin,49.4401,19.4947
866,Knoxville,35.9335,-84.1481
867,Kochi,33.5538,133.5216
868,Kofu,35.6569,138.5816
869,Koga,36.2024,139.7085
870,Kohtla-Järve,59.3983,27.268
871,Koishikawa,35.7081,139.743
872,Kokuryōchō,35.6364,139.5465
873,Kolkata,22.5643,88.3693
874,Kongens Lyngby,55.7704,12.5038
875,Kongsberg,59.6604,9.6522
876,Konstanz,47.6712,9.1633
877,Koprivnica,49.159,21.3893
878,Kortrijk,50.8288,3.2691
879,Koshigaya,35.8895,139.7934
880,Krakow,50.0935,19.9398
881,Kranj,46.2383,14.3524
882,Krasnoyarsk,56.0374,92.9314
883,Kristiansand,58.1428,7.9887
884,Kronberg,50.1812,8.5131
885,Kronshagen,54.3344,10.0914
886,Krumbach,48.2408,10.3685
887,Krzyżowice,50.9951,16.8838
888,Kungsbacka,57.4843,12.0737
889,Kutná Hora,49.9449,15.2676
890,Kuřim,49.2989,16.5317
891,Kvänum,58.3051,13.1946
892,Kyiv,50.458,30.5303
893,Kyoto,35.0203,135.7602
894,Kösching,48.813,11.4973
895,Kōshienchō,34.7378,135.3727
896,L'Anse,46.7671,-88.4143
897,L'Haÿ-les-Roses,48.7756,2.3337
898,La Baie,48.3344,-70.8901
899,La Cañada Flintridge,34.2188,-118.1998
900,La Ferté-sous-Jouarre,48.9497,3.1327
901,La Paz,-16.5002,-68.1493
902,La Porte,41.5983,-86.7026
903,Lafayette,39.997,-105.0974
904,Lagord,46.188,-1.1516
905,Lagos,37.0837,-8.7263
906,Laholm,56.5152,13.0407
907,Lahore,31.558,74.3587
908,Lahr,48.3387,7.8819
909,Lake Mary,28.7594,-81.3512
910,Lakewood,39.6667,-105.0854
911,Lambeth,51.4563,-0.0919
912,Lampa,-33.2863,-70.8756
913,Lanark,55.6737,-3.7817
914,Lancaster,44.4946,-71.5654
915,Landskrona,55.8729,12.8269
916,Langen,49.9907,8.6731
917,Langendorf,47.2187,7.5195
918,Langenfeld,51.1068,6.9529
919,Langenwolschendorf,50.6385,11.95
920,Langenzenn,49.4962,10.7941
921,Langenzersdorf,48.301,16.3448
922,Langley,49.1024,-122.6536
923,Lannion,48.7313,-3.4621
924,Lansdale,40.2363,-75.296
925,Lansing,42.7348,-84.6245
926,Lappeenranta,61.0636,28.189
927,Las Rozas de Madrid,40.4997,-3.8734
928,Las Vegas,36.102,-115.1447
929,Latham,42.747,-73.7527
930,Lattes,43.57,3.9042
931,Lauf an der Pegnitz,49.51,11.2809
932,Launceston,-41.4391,147.1301
933,Laupheim,48.2273,9.8776
934,Lausanne,46.5294,6.6123
935,Lauterbourg,48.9742,8.1851
936,Laval,45.5559,-73.8508
937,Lawrenceville,34.0014,-84.0144
938,Layton,41.0854,-111.9682
939,Le Grand-Saconnex,46.2333,6.1167
940,Le Havre,49.4943,0.1018
941,Le Mans,48.0006,0.2002
942,Le Plessis-Robinson,48.7852,2.2716
943,Le Pâquier-Montbarry,46.5978,7.05
944,Le Rove,43.3664,5.2535
945,Le Tampon,-21.292,55.5177
946,Le Tholy,48.0806,6.7504
947,Leatherhead,51.271,-0.4261
948,Leeds,53.8258,-1.5205
949,Leesburg,39.0448,-77.6042
950,Lehighton,40.8327,-75.7033
951,Leicester,52.6049,-1.1488
952,Leipzig,51.3671,12.3817
953,Lelystad,52.515,5.4847
954,Lenoir,35.9188,-81.5403
955,Lentföhrden,53.863,9.8808
956,Leverkusen,51.0312,6.9935
957,Levittown,40.1715,-74.8181
958,Lewisham,51.4648,-0.0373
959,Lewiston,46.4201,-117.0146
960,Lewisville,33.0176,-96.9926
961,Lexington,42.4378,-71.2239
962,Leyton,51.5598,-0.0096
963,León,21.1253,-101.6197
964,Liberty Lake,47.6842,-117.1089
965,Lichtenfels,50.1478,11.0525
966,Lignano Sabbiadoro,45.6792,13.1173
967,Lilienthal,53.1447,8.9003
968,Liljeholmen,59.3193,18.0122
969,Lille,50.6375,3.0542
970,Lillehammer,61.1114,10.4649
971,Lima,-12.046,-77.0305
972,Limache,-33.0151,-71.2725
973,Limburg an der Lahn,50.3908,8.0641
974,Linfen,36.0964,111.5218
975,Linkenheim-Hochstetten,49.1334,8.4072
976,Linköping,58.416,15.6288
977,Linne,51.1569,5.9284
978,Linthal,46.9228,8.993
979,Linz,48.3074,14.285
980,Lippstadt,51.6553,8.349
981,Lisbon,38.7219,-9.1398
982,Little Elm,33.1794,-96.9538
983,Livermore,37.6864,-121.7654
984,Liverpool,43.1115,-76.1834
985,Liège,50.6337,5.5675
986,Ljubljana,46.0503,14.5046
987,Lockport,43.1721,-78.6913
988,Lodi,45.3137,9.4995
989,Lodz,51.7704,19.4667
990,Logan,41.7468,-111.8268
991,Logroño,42.4582,-2.4675
992,Loiano,44.2655,11.3271
993,Loja,-3.9909,-79.202
994,Lokeren,51.1054,3.9988
995,London,51.5081,-0.1278
996,Longmont,40.1559,-105.1624
997,Longs,33.9385,-78.7331
998,Longueuil,45.5541,-73.4513
999,Lorca,37.5904,-1.6567
1000,Lorient,47.7468,-3.3644
1001,Los Alamos,35.8663,-106.2676
1002,Los Angeles,34.0609,-118.2414
1003,Los Ángeles,-37.4667,-72.35
1004,Loudonville,42.7118,-73.7704
1005,Loughborough,52.7681,-1.2026
1006,Louisville,38.2634,-85.673
1007,Loures,38.8327,-9.166
1008,Lozanne,45.8581,4.6908
1009,Ludwigsfelde,52.3032,13.254
1010,Ludwigshafen am Rhein,49.4823,8.4397
1011,Lugano,46.0057,8.9202
1012,Lugo,43.0097,-7.5521
1013,Lund,55.7037,13.1946
1014,Lurano,45.5671,9.6398
1015,Luton,51.8842,-0.4208
1016,Luxembourg,49.6113,6.1294
1017,Lviv,49.839,24.0191
1018,Lynbrook,40.6564,-73.6754
1019,Lynchburg,37.4002,-79.1866
1020,Lynden,48.9366,-122.4576
1021,Lynn,42.4889,-70.9647
1022,Lynnwood,47.8022,-122.286
1023,Lyon,45.748,4.85
1024,Löhne,52.1955,8.694
1025,Lövestad,55.6496,13.887
1026,Lübeck,53.8501,10.7157
1027,Lüneburg,53.2569,10.4418
1028,Maassluis,51.9209,4.2628
1029,Maastricht,50.8519,5.7205
1030,Machida,35.5381,139.4479
1031,Maclas,45.3689,4.6899
1032,Madera,36.9543,-119.8826
1033,Madison,43.0782,-89.4075
1034,Madrid,40.43,-3.6691
1035,Magdeburg,52.1426,11.6462
1036,Magnesia ad Sipylum,38.6645,27.3294
1037,Magstadt,48.7466,8.9651
1038,Maia,41.2346,-8.6183
1039,Maiden,35.5757,-81.2117
1040,Maidenhead,51.5203,-0.7263
1041,Mainz,50.0143,8.2353
1042,Maipú,-33.5172,-70.7694
1043,Maisons-Alfort,48.8096,2.4415
1044,Majadahonda,40.4683,-3.8683
1045,Malakoff,48.8205,2.2981
1046,Malang,-7.9826,112.6308
1047,Malden,42.428,-71.0618
1048,Malmo,55.6078,12.9982
1049,Malá Ida,48.6722,21.1691
1050,Mamba,11.8976,75.4902
1051,Manassas,38.7493,-77.4719
1052,Manchester,53.4809,-2.2374
1053,Manila,14.5971,120.9798
1054,Maniwaki,46.3851,-75.9695
1055,Mannheim,49.4922,8.464
1056,Manresa,41.7304,1.8255
1057,Mantorville,44.0636,-92.7555
1058,Maple,43.8503,-79.5128
1059,Mapo-gu,37.5681,126.8998
1060,Marburg,50.7996,8.7669
1061,Maria Enzersdorf,48.0986,16.2806
1062,Maribor,46.5554,15.6465
1063,Marietta,33.9721,-84.4406
1064,Marina,36.6841,-121.7886
1065,Marion,35.6857,-82.021
1066,Markham,43.8784,-79.2642
1067,Markkleeberg,51.2709,12.373
1068,Marl,51.6586,7.1135
1069,Maromme,49.4762,1.0182
1070,Marquette,46.5435,-87.3954
1071,Marrakesh,31.6348,-8.0025
1072,Marrero,29.8639,-90.1067
1073,Marseille,43.3736,5.3547
1074,Marysville,40.2479,-83.3609
1075,Marçon,47.7099,0.5072
1076,Mascalucia,37.57,15.0481
1077,Massy,48.7283,2.2815
1078,Matsuyama,33.8365,132.742
1079,Mattoon,39.4796,-88.3755
1080,Maykop,44.8768,40.2182
1081,Mazères,43.2512,1.6819
1082,McDonald,41.1621,-80.7221
1083,McDonough,33.454,-84.1534
1084,Mechanicsburg,40.2127,-77.0213
1085,Medellín,6.2529,-75.5646
1086,Medford,42.3394,-122.8475
1087,Media,39.9198,-75.399
1088,Medicine Hat,49.8375,-110.5161
1089,Medina,43.2213,-78.3855
1090,Medina de Pomar,42.9256,-3.4843
1091,Meerbusch,51.3035,6.6673
1092,Megara,37.9973,23.3504
1093,Melbourne,-37.8159,144.9669
1094,Melrose,42.4597,-71.0638
1095,Memmingen,47.9818,10.1853
1096,Memphis,35.1063,-89.941
1097,Menasha,44.2022,-88.4465
1098,Mende,44.5212,3.4994
1099,Menifee,33.7283,-117.1464
1100,Meppel,52.6958,6.1956
1101,Merano,46.67,11.1602
1102,Merrick,40.6665,-73.5455
1103,Messina,38.1979,15.5563
1104,Methuen,42.7295,-71.1964
1105,Metz,49.1193,6.1702
1106,Meudon,48.8088,2.2296
1107,Mexico City,19.4324,-99.1229
1108,Meyzieu,45.768,5.0113
1109,Mezőtúr,47.0,20.6333
1110,Miami,25.7838,-80.1823
1111,Middleton,43.103,-89.5073
1112,Midlothian,37.5109,-77.6429
1113,Midvale,40.6118,-111.9008
1114,Milan,45.4722,9.1922
1115,Milpitas,37.4361,-121.8952
1116,Milton,44.6398,-73.1104
1117,Milton Keynes,52.0443,-0.7601
1118,Milwaukee,43.0818,-87.892
1119,Minaminakano,35.9104,139.6606
1120,Minamishinagawa,35.6164,139.7425
1121,Minato,35.6557,139.7491
1122,Mineral de la Reforma,20.1241,-98.6983
1123,Minneapolis,44.9005,-93.2885
1124,Minnetonka,44.9114,-93.4898
1125,Minsk,53.901,27.5707
1126,Mioño,43.3587,-3.2063
1127,Miranda,10.2462,-66.4165
1128,Missoula,46.8522,-114.0214
1129,Mito,36.3566,140.4623
1130,Miyazaki,31.914,131.4253
1131,Modena,44.6534,10.9231
1132,Modesto,37.6752,-120.9465
1133,Moena,46.3752,11.6554
1134,Molde,62.7355,7.1612
1135,Moline,41.2888,-90.3304
1136,Monmouth Junction,40.3869,-74.5558
1137,Mons,50.458,3.9524
1138,Montargis,47.9964,2.7371
1139,Montebello,34.011,-118.1145
1140,Monterey,42.1867,-73.2065
1141,Montevideo,-34.9064,-56.1629
1142,Montgomery,32.3736,-86.1833
1143,Montpellier,43.6107,3.8809
1144,Montreal,45.5063,-73.5794
1145,Montreuil,48.8619,2.4506
1146,Moore,35.3352,-97.4789
1147,Mooresville,35.5746,-80.8234
1148,Morainvilliers,48.9255,1.9333
1149,Moratalla,38.1884,-1.8968
1150,Morez,46.5267,6.0214
1151,Morgantown,39.5953,-79.9229
1152,Morishita,35.6916,139.8199
1153,Moscow,55.7487,37.6187
1154,Mosinee,44.7983,-89.6978
1155,Motoyamaminamimachi,34.73,135.2911
1156,Motueka,-41.0327,172.9376
1157,Moudon,46.6679,6.7982
1158,Mougins,43.598,7.0121
1159,Mount Airy,36.4995,-80.616
1160,Mount Prospect,42.0648,-87.9356
1161,Mountain View,37.3859,-122.0882
1162,Mt. Pleasant,32.8445,-79.8242
1163,Muggiò,45.5845,9.2223
1164,Mumbai,19.0748,72.8856
1165,Munich,48.1101,11.5301
1166,Murcia,37.9861,-1.1213
1167,Murfreesboro,35.8467,-86.4885
1168,Málaga,36.7162,-4.4161
1169,Mériel,49.0766,2.2163
1170,Mérignac,44.8442,-0.6378
1171,Mézidon-Canon,49.0813,-0.0659
1172,Mönchengladbach,51.1683,6.4398
1173,Mühlacker,48.9449,8.8366
1174,Mülheim,51.4337,6.9496
1175,München,48.1077,11.6091
1176,Münster,51.9848,7.6494
1177,Naaldwijk,51.9968,4.2057
1178,Nagamachi,38.2504,140.8476
1179,Nagano,36.6663,138.2021
1180,Nagareyama,35.8373,139.9138
1181,Nagoya,35.1796,136.9166
1182,Nagpur,21.1463,79.0849
1183,Nagykovácsi,47.577,18.8713
1184,Nairobi,-1.2841,36.8155
1185,Nalbach,49.3833,6.7833
1186,Nam-gu,35.5335,129.3173
1187,Namakkal,11.2203,78.1663
1188,Namur,50.4694,4.8661
1189,Nancy,48.6822,6.1862
1190,Naniwa Ku,34.6607,135.4992
1191,Nanjing,32.0589,118.7738
1192,Nanterre,48.8909,2.2093
1193,Nantes,47.2145,-1.5512
1194,Nantong,32.0264,120.8647
1195,Narberth,40.0134,-75.2534
1196,Nashville,36.0711,-86.7196
1197,Navan,53.6545,-6.6814
1198,Navi Mumbai,19.0336,73.0118
1199,Nepean,45.2722,-75.7522
1200,Nesttun,60.3187,5.3504
1201,Neu Wulmstorf,53.4214,9.7858
1202,Neubiberg,48.0788,11.6555
1203,Neuchâtel,46.9904,6.9339
1204,Neumarkt in der Oberpfalz,49.2812,11.464
1205,Neumünster,54.0652,10.0048
1206,Neuss,51.1936,6.6845
1207,Neutraubling,48.9913,12.1937
1208,New Albany,40.0847,-82.7988
1209,New Delhi,28.6327,77.2198
1210,New Taipei City,25.0693,121.4626
1211,New York,40.7126,-74.0066
1212,Newark,39.6336,-75.701
1213,Newcastle upon Tyne,54.9742,-1.615
1214,Newham,51.5112,0.03
1215,Newport,50.7023,-1.2973
1216,Newport Pagnell,52.0884,-0.7239
1217,Newton,35.6509,-81.2391
1218,Newton Aycliffe,54.6184,-1.5719
1219,Nice,43.7045,7.2597
1220,Nichelino,44.9975,7.6521
1221,Nicholasville,37.8868,-84.5667
1222,Nicosia,35.1681,33.3503
1223,Niederbipp,47.2701,7.7004
1224,Niederglatt,47.4912,8.5053
1225,Niederndodeleben,52.1378,11.4978
1226,Nieuwegein,52.0268,5.0744
1227,Niizo,35.8103,139.6696
1228,Nijkerk,52.2284,5.4806
1229,Nijmegen,51.8255,5.832
1230,Nikaia,37.9703,23.6413
1231,Niort,46.3231,-0.4588
1232,Nishiōizumi,35.7662,139.5827
1233,Nitra,48.3097,18.0905
1234,Nokesville,38.7006,-77.5475
1235,Nokomis,27.1389,-82.4548
1236,Nonthaburi,13.8421,100.4234
1237,Nordhorn,52.4479,7.0441
1238,Norman,35.2025,-97.4835
1239,Norristown,40.1435,-75.3779
1240,North Bergen,40.7964,-74.0203
1241,North Charleston,32.8608,-79.9746
1242,North Fort Myers,26.6932,-81.9129
1243,North Kansas City,39.1678,-94.5269
1244,North Richland Hills,32.8876,-97.2132
1245,North York,43.729,-79.3187
1246,Northeim,51.7042,10.0022
1247,Norton,41.9718,-71.1894
1248,Nottingham,52.9648,-1.2132
1249,Noumea,-22.2665,166.4742
1250,Novi Travnik,44.1678,17.6563
1251,Novokuznetsk,53.7575,87.136
1252,Novosibirsk,55.0226,82.9317
1253,Nowa Sól,51.8012,15.7208
1254,Nukui,35.7366,139.6335
1255,Nukuiminamicho,35.7006,139.5257
1256,Nuremberg,49.4423,11.0191
1257,Nyon,46.3805,6.2433
1258,Nyíregyháza,47.9573,21.7151
1259,Náquera,39.6497,-0.4148
1260,Nîmes,43.835,4.3622
1261,O'Fallon,38.8238,-90.7432
1262,Oak Park,42.4681,-83.1882
1263,Oakland,37.8107,-122.2479
1264,Oakton,38.8809,-77.3008
1265,Obecnice,49.7149,13.9441
1266,Oberhausen,51.5277,6.8572
1267,Obersulm,49.1369,9.3843
1268,Oberviechtach,49.4628,12.4169
1269,Obihiro,42.9143,143.1728
1270,Odesa,46.4888,30.7474
1271,Oegstgeest,52.1758,4.4488
1272,Offenbach,50.1093,8.7321
1273,Ofterdingen,48.4146,9.0332
1274,Okayama,34.657,133.9436
1275,Okemos,42.7031,-84.4188
1276,Oklahoma City,35.3274,-97.5556
1277,Olathe,38.8868,-94.8223
1278,Olching,48.1997,11.3393
1279,Oldenburg,53.1525,8.1703
1280,Olfen,51.7118,7.3903
1281,Olomouc,49.5864,17.2537
1282,Olympia,47.1101,-122.775
1283,Omaha,41.268,-96.1156
1284,Omsk,54.9896,73.3729
1285,Oppdal,62.5909,9.6883
1286,Or Yehuda,32.0343,34.8621
1287,Orangeburg,41.0446,-73.9592
1288,Orem,40.3119,-111.6959
1289,Orlando,28.5177,-81.4508
1290,Orléans,47.9047,1.9076
1291,Ormeignies,50.5911,3.7533
1292,Oromocto,45.834,-66.4808
1293,Orăştie,45.8339,23.1993
1294,Osaka,34.693,135.5005
1295,Osasco,-23.5312,-46.7901
1296,Osawatomie,38.4882,-94.9604
1297,Oshawa,43.9715,-78.8859
1298,Oslo,59.9056,10.7494
1299,Osmaniye,37.1896,36.2723
1300,Osnabrück,52.2703,8.0116
1301,Ostfildern,48.7298,9.2541
1302,Ostrów Wielkopolski,51.6448,17.8151
1303,Ottawa,45.4153,-75.6894
1304,Oudenhoorn,51.8245,4.1932
1305,Oullins,45.7213,4.8039
1306,Owatonna,44.0794,-93.2188
1307,Owen Sound,44.5698,-80.9439
1308,Owosso,42.9934,-84.1595
1309,Oxford,51.7862,-1.2231
1310,Ożarów Mazowiecki,52.2143,20.8009
1311,Pacov,49.4708,15.0017
1312,Paderborn,51.7355,8.6838
1313,Paderno Dugnano,45.5685,9.1726
1314,Pagani,40.741,14.6158
1315,Paks,46.6177,18.8616
1316,Palatine,42.1495,-88.0221
1317,Palermo,38.1302,13.329
1318,Palo Alto,37.4333,-122.1878
1319,Pamplona,42.8165,-1.6352
1320,Panama City,8.9948,-79.523
1321,Pantin,48.8958,2.4064
1322,Papeete,-17.5346,-149.5703
1323,Papenburg,53.0802,7.4015
1324,Papendrecht,51.8308,4.6783
1325,Papillion,41.1523,-96.0371
1326,Paramus,40.9477,-74.0672
1327,Pardubice,50.0512,15.7769
1328,Paris,48.8558,2.3494
1329,Parksley,37.778,-75.641
1330,Parkville,39.3855,-76.54
1331,Pasadena,34.1473,-118.1446
1332,Pasewalk,53.5095,13.9846
1333,Pearland,29.5422,-95.3212
1334,Pego,38.8466,-0.1195
1335,Pekin,40.5656,-89.6251
1336,Penza,53.1952,44.9949
1337,Penzberg,47.758,11.3699
1338,Penzlin,53.5019,13.0919
1339,Perpignan,42.6951,2.896
1340,Perth,-31.9474,115.8648
1341,Peru,41.3236,-89.1235
1342,Perugia,43.1085,12.3948
1343,Pescara,42.4618,14.2052
1344,Pessac,44.8152,-0.6455
1345,Petaling Jaya,3.1071,101.6139
1346,Peterborough,52.5836,-0.2528
1347,Petoskey,45.3733,-84.9553
1348,Petrozavodsk,61.7788,34.3606
1349,Pflugerville,30.4421,-97.6339
1350,Philadelphia,39.9495,-75.1719
1351,Phoenix,33.4656,-111.9956
1352,Phoenixville,40.1265,-75.5232
1353,Pieterlen,47.179,7.3372
1354,Pijnacker,52.008,4.4406
1355,Pilsen,49.7379,13.3194
1356,Piotrkow Trybunalski,51.4136,19.6929
1357,Pisa,43.7089,10.4087
1358,Piscataway,40.5511,-74.4606
1359,Piteşti,44.8493,24.8623
1360,Pittsburgh,40.4324,-79.9247
1361,Plainfield,41.6014,-88.1986
1362,Plan-les-Ouates,46.1752,6.1127
1363,Plano,33.0809,-96.7241
1364,Plattsmouth,41.0088,-95.8698
1365,Plau am See,53.4568,12.2614
1366,Plauen,50.4918,12.1398
1367,Pleumeleuc,48.1857,-1.9139
1368,Plovdiv,42.1513,24.7518
1369,Plymouth,45.0058,-93.4193
1370,Poggersdorf,46.6507,14.4512
1371,Poltava,49.5895,34.5498
1372,Pont-à-Mousson,48.9063,6.0551
1373,Ponte San Pietro,45.7059,9.5872
1374,Pontivy,48.0646,-2.9692
1375,Poplar,51.5064,-0.02
1376,Port Alberni,49.2403,-124.8026
1377,Port Louis,-20.1608,57.4994
1378,Port Saint Lucie,27.3182,-80.3524
1379,Portel,38.3029,-7.6972
1380,Portland,45.4407,-122.7792
1381,Porto,41.1459,-8.6169
1382,Porto-Vecchio,41.5896,9.2845
1383,Portsmouth,50.8514,-0.9903
1384,Posadas,-27.3833,-55.8833
1385,Potsdam,52.3826,13.0934
1386,Potters Bar,51.696,-0.1735
1387,Pottstown,40.2626,-75.6151
1388,Poznan,52.4248,16.9335
1389,Pozzo d'Adda,45.5716,9.4987
1390,Prague,50.0883,14.4124
1391,Praha 10,50.0669,14.4543
1392,Pratteln,47.5318,7.6911
1393,Preston,53.7668,-2.7217
1394,Pretoria,-25.757,28.1443
1395,Prien am Chiemsee,47.8584,12.3441
1396,Princeton,33.1801,-96.498
1397,Provo,40.2329,-111.6688
1398,Puerto Libertad,-25.8879,-54.5885
1399,Pulheim,51.0015,6.7958
1400,Pullman,46.7314,-117.1733
1401,Pune,18.5211,73.8502
1402,Purfleet-on-Thames,51.4888,0.2426
1403,Purkersdorf,48.2642,16.0877
1404,Pyeongtaek-si,37.0009,127.0859
1405,Pákozd,47.2165,18.5347
1406,Qingdao,36.061,120.3814
1407,Queen Creek,33.2487,-111.6343
1408,Queens,40.7637,-73.7695
1409,Querétaro City,20.5737,-100.2899
1410,Quimper,47.9975,-4.1017
1411,Quincampoix,49.5259,1.1912
1412,Quincy,42.2463,-70.9972
1413,Quiévrechain,50.3888,3.6725
1414,Québec,46.8127,-71.2226
1415,Quận Một,10.7826,106.6959
1416,Rabat,34.0072,-6.8407
1417,Radlin,50.0427,18.4747
1418,Rainham,51.5181,0.194
1419,Raleigh,35.7704,-78.6293
1420,Ramat Gan,32.0821,34.8122
1421,Rancho Cucamonga,34.1066,-117.5935
1422,Randers,56.4584,10.0421
1423,Randolph,42.1626,-71.0412
1424,Rapotice,49.1879,16.2489
1425,Rasht,37.2773,49.5808
1426,Ratiboř,49.3676,17.9184
1427,Ravenna,44.4143,12.2134
1428,Reading,51.4378,-1.0482
1429,Red Bluff,40.1811,-122.2359
1430,Redding,40.5482,-122.3367
1431,Redmond,47.6722,-122.1257
1432,Redondo Beach,33.8697,-118.3693
1433,Regensburg,49.018,12.1404
1434,Regina,50.4245,-104.608
1435,Rehoboth Beach,38.721,-75.0752
1436,Rehovot,31.8943,34.8192
1437,Reims,49.2627,4.0324
1438,Rennes,48.11,-1.6744
1439,Reno,39.5253,-119.8121
1440,Reston,38.9609,-77.3429
1441,Retournac,45.2049,4.0375
1442,Reykjavik,64.1336,-21.8934
1443,Rheda-Wiedenbrück,51.8512,8.3031
1444,Rheinbach,50.6224,6.9453
1445,Rheine,52.2674,7.4551
1446,Rheinfelden,47.5737,7.7867
1447,Rhinelander,45.6366,-89.4121
1448,Ribeirão Preto,-21.1746,-47.7996
1449,Richardson,32.9473,-96.7028
1450,Richmond,49.1181,-123.1175
1451,Richmond Hill,31.9383,-81.3034
1452,Richterswil,47.2097,8.707
1453,Rickmansworth,51.6348,-0.4745
1454,Ridgewood,40.9817,-74.1101
1455,Riga,56.9473,24.0979
1456,Rillieux-la-Pape,45.8149,4.9022
1457,Rio Branco,-9.9757,-67.8134
1458,Rio de Janeiro,-22.9201,-43.0811
1459,Riondel,49.7657,-116.8443
1460,Rivne,50.6223,26.2396
1461,Riyadh,24.6869,46.7224
1462,Rjukan,59.8727,8.6144
1463,Robertsfors,64.1983,20.8621
1464,Rochester,44.0484,-92.4948
1465,Rockland,42.1292,-70.9134
1466,Rockville,39.0863,-77.1726
1467,Rogers,36.3174,-94.1548
1468,Rome,41.8905,12.5127
1469,Ronkonkoma,40.821,-73.143
1470,Roosdaal,50.8349,4.0811
1471,Roosevelt,40.677,-73.587
1472,Roppongi,35.6556,139.7378
1473,Rosario,-32.954,-60.6634
1474,Rossville,34.9831,-85.2861
1475,Rostov-on-Don,47.2359,39.7134
1476,Roswell,34.0389,-84.3826
1477,Rothenthurm,47.1055,8.681
1478,Rotterdam,51.9399,4.4712
1479,Roubaix,50.6977,3.1786
1480,Roudnice nad Labem,50.4278,14.2631
1481,Rouen,49.4429,1.1003
1482,Round Rock,30.5089,-97.6796
1483,Rowlett,32.9346,-96.5544
1484,Royal Oak,42.518,-83.1576
1485,Rugby,52.3686,-1.2691
1486,Russy,46.8375,7.0022
1487,Ryazan,54.6296,39.6881
1488,Rydal,34.3354,-84.7155
1489,Rzhev,56.261,34.3257
1490,Rödermark,49.9724,8.8228
1491,Rødovre Municipality,55.6894,12.4578
1492,Rümlang,47.4505,8.5255
1493,Rüsselsheim am Main,49.9874,8.4232
1494,Saalfeld,50.6505,11.3665
1495,Saarbrücken,49.2712,7.0313
1496,Sacramento,38.5639,-121.4418
1497,Saint Charles,38.7987,-90.5034
1498,Saint Johns,30.0822,-81.5498
1499,Saint Michael,45.21,-93.6607
1500,Saint Paul,44.9548,-93.1551
1501,Saint-Apollinaire,47.3371,5.0854
1502,Saint-Denis,-20.8864,55.4511
1503,Saint-Etienne,45.4346,4.3958
1504,Saint-Eustache,45.5789,-73.8818
1505,Saint-Genis-Laval,45.6933,4.7877
1506,Saint-Hubert,45.4915,-73.3989
1507,Saint-Joseph,-21.3782,55.6159
1508,Saint-Léger,49.6188,5.6595
1509,Saint-Martin-d'Hères,45.1804,5.7588
1510,Saint-Maur-des-Fossés,48.7954,2.4947
1511,Saint-Orens-de-Gameville,43.555,1.539
1512,Saint-Ouen,48.9067,2.3339
1513,Saint-Priest,45.6959,4.9424
1514,Sainte-Marie,-20.8952,55.5496
1515,Sainte-Marthe-sur-le-Lac,45.5306,-73.9322
1516,Sakaechō,35.7421,139.6524
1517,Sakura,35.7134,140.2312
1518,Salford,53.4836,-2.2862
1519,Salinas,36.7126,-121.6437
1520,Sallenelles,49.2673,-0.2312
1521,Salobreña,36.7386,-3.5956
1522,Salt Lake City,40.7592,-111.8875
1523,Salto do Lontra,-25.7713,-53.3024
1524,Salzburg,47.8008,13.0443
1525,Samara,53.2061,50.1509
1526,Sammamish,47.5871,-122.0388
1527,San Anselmo,37.9861,-122.5688
1528,San Antonio,29.5,-98.6744
1529,San Bernardino,34.1438,-117.2548
1530,San Cristóbal de La Laguna,28.4656,-16.2923
1531,San Diego,32.7405,-117.0935
1532,San Francisco,37.7308,-122.3838
1533,San Gervasio Bresciano,45.3135,10.1513
1534,San Jose,37.3388,-121.8916
1535,San José,9.9395,-84.0905
1536,San Leandro,37.6868,-122.1496
1537,San Luis Obispo,35.2612,-120.655
1538,San Marcos,33.1432,-117.1666
1539,San Mateo,37.5742,-122.325
1540,San Pietro in Cariano,45.5193,10.8846
1541,San Rafael,37.9681,-122.5119
1542,Sandefjord,59.1728,10.2221
1543,Sandnes,58.8544,5.7456
1544,Sankt Florian,48.2104,14.382
1545,Santa Clara,37.3931,-121.962
1546,Santa Cruz de la Sierra,-17.7834,-63.1822
1547,Santa Fe,-31.6466,-60.7101
1548,Santa Maria,34.8286,-120.4268
1549,Santa Rosa,38.4354,-122.7128
1550,Santiago,-33.4521,-70.6536
1551,Sao Paulo,-7.2333,-62.9
1552,Sapporo,43.0456,141.3522
1553,Sarajevo,43.8453,18.3592
1554,Saran,47.9531,1.871
1555,Saratoga Springs,40.3495,-111.8998
1556,Sarcelles,48.999,2.3791
1557,Sarpsborg,59.2978,11.1417
1558,Savannah,31.99,-81.1032
1559,Savyon,32.055,34.8847
1560,Saxon,46.1362,7.1844
1561,Sayama,35.8549,139.3919
1562,Scarborough,43.7618,-79.2703
1563,Scarsdale,41.0002,-73.7712
1564,Schiedam,51.9157,4.3862
1565,Schiltigheim,48.6076,7.7475
1566,Schiphol,52.2973,4.7946
1567,Schneeberg,50.5945,12.631
1568,Schrobenhausen,48.5633,11.27
1569,Schwaig,49.4704,11.2061
1570,Schwedt,53.0597,14.2815
1571,Scottsdale,33.5111,-111.9075
1572,Seattle,47.4902,-122.3004
1573,Secaucus,40.7876,-74.06
1574,Sechelt,49.4667,-123.7667
1575,Seeb,23.6673,58.1912
1576,Seligenstadt,50.0455,8.9781
1577,Selkirk,50.1424,-96.8888
1578,Selm,51.6966,7.4626
1579,Semmes,30.7782,-88.2592
1580,Sena,35.0243,138.4289
1581,Sendai,38.2676,140.87
1582,Seocho-gu,37.5015,127.0013
1583,Seodaemun-gu,37.573,126.926
1584,Seongnam-si,37.4331,127.1377
1585,Seoul,37.5658,126.978
1586,Severn,39.1269,-76.698
1587,Seville,37.4107,-5.9643
1588,Sewickley,40.5365,-80.1845
1589,Shanghai,31.2222,121.4581
1590,Sharjah,25.3412,55.4224
1591,Shediac,46.2235,-64.5477
1592,Shelton,41.3219,-73.0816
1593,Shenzhen,22.5455,114.0683
1594,Shepherd,43.5245,-84.6947
1595,Shijiazhuang,38.036,114.4654
1596,Shikatebukuro,35.8532,139.6361
1597,Shima,34.4609,136.8654
1598,Shimoishiwara,35.6499,139.5191
1599,Shimorenjaku,35.6879,139.538
1600,Shimotakaido,35.6827,139.6097
1601,Shimotsuke,36.3703,139.8449
1602,Shinanochō,35.4405,139.5549
1603,Shinjuku,35.6918,139.7002
1604,Shirakabe,35.1892,136.9173
1605,Shirakawa,35.684,139.8026
1606,Shiroi,35.7998,140.0709
1607,Shizuoka,34.9882,138.3742
1608,Sibiu,45.8017,24.1455
1609,Sieradz,51.5926,18.7353
1610,Sierra Vista,31.5402,-110.267
1611,Sierre,46.289,7.5427
1612,Silver Spring,39.0851,-77.059
1613,Singapore,1.2872,103.8507
1614,Sins,47.1944,8.3959
1615,Sint-Truiden,50.8195,5.1863
1616,Siziano,45.3161,9.206
1617,Skara,58.3869,13.4449
1618,Skien,59.2215,9.5587
1619,Skive,56.5638,9.0232
1620,Skoczów,49.8016,18.7925
1621,Skopje,41.9985,21.4313
1622,Slaný,50.2309,14.0951
1623,Slivnica pri Mariboru,46.4755,15.6534
1624,Slough,51.5177,-0.6215
1625,Slovenska Bistrica,46.3932,15.566
1626,Snohomish,47.8978,-122.0693
1627,Soest,52.1813,5.3025
1628,Sofia,42.6951,23.325
1629,Soledad,36.4184,-121.3235
1630,Solidaridad,20.6243,-87.077
1631,Solihull,52.4383,-1.8051
1632,Solingen,51.1531,7.0123
1633,Solna,59.3591,17.9951
1634,Sombor,45.7763,19.1077
1635,Somejidai,34.7986,137.7613
1636,Sona,45.4354,10.8418
1637,Songpa-gu,37.5108,127.1048
1638,Sottrum,53.1183,9.231
1639,South Burlington,44.4537,-73.1773
1640,South El Monte,34.0567,-118.04
1641,South Gate,33.9547,-118.212
1642,South San Francisco,37.6538,-122.4257
1643,South Tangerang,-6.264,106.7324
1644,Southampton,50.8976,-1.4004
1645,Spanaway,47.1108,-122.4475
1646,Spanbroek,52.702,4.9569
1647,Spilimbergo,46.1182,12.8929
1648,Spokane,47.6462,-117.2657
1649,Sporup,56.2191,9.8371
1650,Spånga,59.3779,17.9155
1651,St Albans,51.753,-0.3256
1652,St Louis,38.6287,-90.1988
1653,St Peter Port,49.4633,-2.533
1654,St Petersburg,59.9417,30.3096
1655,St-Jean-Port-Joli,47.2142,-70.2751
1656,St-Malo,48.6508,-2.0167
1657,St. Catharines,43.1522,-79.1991
1658,St. George,37.086,-113.5609
1659,St. John's,47.5629,-52.7041
1660,Stade,53.5892,9.4804
1661,Stafford,38.4555,-77.4326
1662,Staraya Kupavna,55.8098,38.1846
1663,Starnberg,48.0045,11.3407
1664,Staten Island,40.6063,-74.1774
1665,Staufenberg,50.6589,8.7289
1666,Steenbergen,51.5844,4.3176
1667,Steinburg,53.8458,9.5661
1668,Stjørdal,63.4662,10.91
1669,Stockholm,59.3287,18.0717
1670,Stockport,53.3988,-2.0162
1671,Stoke-on-Trent,52.999,-2.1871
1672,Stone Mountain,33.8067,-84.1657
1673,Storrs,41.8095,-72.2511
1674,Strasbourg,48.5848,7.7419
1675,Straubing,48.8859,12.5724
1676,Stuttgart,48.767,9.1827
1677,Suceava,47.6333,26.25
1678,Sugar Land,29.5799,-95.6085
1679,Suge-kitaura,35.6316,139.5266
1680,Suhl,50.596,10.6998
1681,Suita,34.7615,135.5086
1682,Sulingen,52.6811,8.8151
1683,Summerville,33.0142,-80.1726
1684,Sundbyberg,59.3565,17.9651
1685,Sunderland,54.8863,-1.4786
1686,Sundsvall,62.3924,17.3006
1687,Sunndalsøra,62.6745,8.5552
1688,Sunnyvale,37.3974,-122.001
1689,Surabaya,-7.2523,112.7572
1690,Suresnes,48.8693,2.2313
1691,Surrey,49.17,-122.7348
1692,Sursee,47.1709,8.1098
1693,Sutton,51.3503,-0.2014
1694,Suwon,37.2872,127.0116
1695,Suzaka,36.6439,138.3127
1696,Suzhou,31.3093,120.602
1697,Suzuka,34.8853,136.5796
1698,Swarzędz,52.4056,17.0663
1699,Swindon,51.57,-1.6653
1700,Sycamore,41.9977,-88.6924
1701,Sydney,-33.7312,151.3024
1702,Szeged,46.2527,20.154
1703,Székesfehérvár,47.1882,18.4089
1704,São Paulo,-23.5475,-46.6361
1705,Słubice,52.3511,14.5748
1706,Słupsk,54.4662,17.0342
1707,Sŏngnam,36.5333,127.5
1708,Tacoma,47.2067,-122.4414
1709,Taichung,24.144,120.6844
1710,Taipei,25.053,121.5259
1711,Takarazuka,34.7929,135.3693
1712,Takasaki,36.3347,139.001
1713,Takatsuki,34.8542,135.6062
1714,Talence,44.8027,-0.5922
1715,Tallahassee,30.4274,-84.258
1716,Tallinn,59.4381,24.7369
1717,Tama,35.6524,139.4594
1718,Tampa,28.0724,-82.5603
1719,Tampere,61.4949,23.8008
1720,Taos,36.4072,-105.5731
1721,Taoyuan District,24.9889,121.3176
1722,Tartu,58.3794,26.7322
1723,Tashkent,41.2615,69.2177
1724,Taverny,49.027,2.212
1725,Taylor,42.238,-83.2807
1726,Taylors,34.9204,-82.2962
1727,Tbilisi,41.6959,44.832
1728,Tehran,35.6824,51.4158
1729,Tel Aviv,32.0804,34.7807
1730,Telluride,37.9408,-107.8243
1731,Temara,33.9246,-6.9014
1732,Temecula,33.5261,-117.1314
1733,Tempe,33.3908,-111.9184
1734,Templeuve-en-Pévèle,50.5261,3.1812
1735,Tewksbury,42.6028,-71.2319
1736,Texarkana,33.4085,-94.1819
1737,The Colony,33.0951,-96.8805
1738,The Dalles,45.5999,-121.1871
1739,The Hague,52.0516,4.2859
1740,Thessaloniki,40.6439,22.9358
1741,Thetford,52.4124,0.7558
1742,Thiais,48.7655,2.401
1743,Thoiry,46.2362,5.983
1744,Three Hills,51.7027,-113.2567
1745,Thunder Bay,48.3702,-89.2812
1746,Tianjin,39.1424,117.1727
1747,Tiel,51.8929,5.4157
1748,Tienhoven,52.1506,5.0855
1749,Tigard,45.4241,-122.7691
1750,Timișoara,45.7537,21.2257
1751,Timmendorfer Strand,53.9982,10.776
1752,Tlaquepaque,20.5869,-103.3456
1753,Tochigi,36.3928,139.7646
1754,Togoshi,35.6115,139.7211
1755,Tokyo,35.6893,139.6899
1756,Toledo,39.8766,-4.0607
1757,Toluca,19.2693,-99.6718
1758,Tomsk,56.4957,84.9636
1759,Tonbridge,51.1698,0.4424
1760,Toney,34.8981,-86.7336
1761,Toronto,43.709,-79.4057
1762,Torredembarra,41.1487,1.3893
1763,Torun,53.0176,18.6202
1764,Toulouse,43.6046,1.4451
1765,Tours,47.3983,0.7037
1766,Tower Hamlets,51.5064,-0.02
1767,Triel-sur-Seine,48.9771,2.0019
1768,Trois Pistoles,48.1151,-69.1606
1769,Trois-Rivières,46.3633,-72.6143
1770,Tromsø,69.638,18.9395
1771,Trondheim,63.4167,10.1833
1772,Trévoux,45.9378,4.7682
1773,Tsu,34.7361,136.522
1774,Tsukuba,36.096,140.1503
1775,Tucker,33.8583,-84.2165
1776,Tucson,32.2506,-110.884
1777,Tukwila,47.4775,-122.2589
1778,Tulcea,45.1637,28.8023
1779,Tulsa,36.0934,-95.8791
1780,Tunis,36.8178,10.1656
1781,Tupadly,49.8638,15.3958
1782,Turaif,31.6736,38.6679
1783,Turin,45.0729,7.689
1784,Turku,60.4881,22.2823
1785,Turnhout,51.3224,4.9432
1786,Tuttle,35.2909,-97.8123
1787,Tuzla,44.5417,18.6614
1788,Twickenham,51.4435,-0.3289
1789,Târgovişte,44.9316,25.4622
1790,Târgu Jiu,45.0489,23.2904
1791,Tübingen,48.5169,9.0536
1792,Uckfield,50.9784,0.1044
1793,Udaipur,24.5854,73.7141
1794,Uetersen,53.6838,9.6707
1795,Uetikon,47.2643,8.6734
1796,Uezwil,47.3113,8.2849
1797,Uherské Hradiště,49.0719,17.4638
1798,Ukiah,39.1592,-123.1963
1799,Ulan Bator,47.9094,106.8819
1800,Ulm,48.4179,9.9656
1801,Umeå,63.8247,20.2559
1802,Underhill,44.5259,-72.9451
1803,Unna,51.5356,7.6827
1804,Unterägeri,47.1233,8.5929
1805,Upplands Vasby,59.5193,17.9203
1806,Uppsala,59.856,17.6403
1807,Urbana,40.1047,-88.2062
1808,Ussuriysk,43.8008,131.9459
1809,Utase,35.6339,140.0391
1810,Utica,43.1061,-75.2336
1811,Utrecht,52.074,5.1197
1812,Uttoxeter,52.9056,-1.8649
1813,Vaasa,63.0945,21.631
1814,Valencia,10.1615,-68.0004
1815,Valergues,43.6633,4.0641
1816,Valladolid,41.6526,-4.7343
1817,Valley Stream,40.6537,-73.7151
1818,Valley Village,34.1676,-118.3892
1819,Vancouver,49.2476,-123.1234
1820,Vantaa,60.3,25.0231
1821,Varberg,57.1063,12.2417
1822,Vear,59.2716,10.3538
1823,Veenendaal,52.0301,5.5409
1824,Veldhoven,51.4084,5.3976
1825,Velenje,46.3749,15.0217
1826,Velika Gorica,45.7148,16.069
1827,Venhuizen,52.6632,5.211
1828,Venice,45.4937,12.245
1829,Venustiano Carranza,19.4458,-99.1031
1830,Verdun,45.4516,-73.5851
1831,Verona,45.4317,10.9859
1832,Versailles,48.8027,2.1373
1833,Vert-Saint-Denis,48.5761,2.6231
1834,Viborg,56.4394,9.4096
1835,Viby J,56.1313,10.1339
1836,Vicenza,45.5431,11.5415
1837,Victoria,48.4983,-123.4005
1838,Vienna,48.1712,16.321
1839,Viforâta,44.9611,25.4626
1840,Vikersund,59.9907,9.9907
1841,Vila Nova de Gaia,41.1256,-8.602
1842,Vila do Conde,41.3511,-8.7411
1843,Vilassar de Dalt,41.5148,2.3724
1844,Villa Alemana,-33.045,-71.368
1845,Villa Ballester,-34.5407,-58.5625
1846,Villanueva de la Cañada,40.3165,-4.013
1847,Villefranche-sur-Saône,45.9891,4.7253
1848,Villeurbanne,45.7663,4.8883
1849,Villiers-sur-Marne,48.83,2.5538
1850,Villingen-Schwenningen,48.0657,8.4534
1851,Vilnius,54.6912,25.2816
1852,Vilsbiburg,48.4503,12.3594
1853,Vinhedo,-23.0251,-46.9785
1854,Vinnytsia,49.2335,28.4817
1855,Virginia Beach,36.8366,-76.1624
1856,Viroqua,43.5468,-90.8958
1857,Vitré,48.1175,-1.2092
1858,Voiron,45.3615,5.5915
1859,Vreden,52.0347,6.819
1860,Vyshneve,50.393,30.3746
1861,Várdomb,46.2526,18.6823
1862,Vällingby,59.3691,17.8808
1863,Västerås,59.6146,16.5528
1864,Västra Frölunda,57.6442,11.9332
1865,Víctor Rosales,22.995,-102.6651
1866,Waalre,51.3978,5.4833
1867,Wageningen,51.9772,5.661
1868,Walden,41.5603,-74.1745
1869,Waldorf,38.6273,-76.9859
1870,Walldorf,49.3129,8.6422
1871,Wallisellen,47.4143,8.5933
1872,Walnut,34.0233,-117.8512
1873,Waltham,42.3972,-71.2434
1874,Wandsworth,51.4537,-0.232
1875,Wantagh,40.6866,-73.5124
1876,Warrenton,38.6877,-77.8369
1877,Warrington,53.4512,-2.5627
1878,Warsaw,52.2299,21.0093
1879,Washington,38.894,-77.0365
1880,Wasilla,61.5883,-149.3959
1881,Waterford,52.2568,-7.1097
1882,Waterloo,43.474,-80.554
1883,Watertown,42.3725,-71.1814
1884,Watkinsville,33.8519,-83.412
1885,Watson,38.9934,-77.5958
1886,Wausau,44.9656,-89.7066
1887,Weesp,52.3061,5.048
1888,Weilheim,47.8411,11.1572
1889,Weimar,50.984,11.3227
1890,Weinsberg,49.147,9.2965
1891,Weirton,40.4171,-80.5618
1892,Weisenbach,48.7287,8.3539
1893,Weisenheim am Sand,49.5182,8.2539
1894,Wekerom,52.1122,5.7115
1895,Wellesley,43.4801,-80.7626
1896,Wellingborough,52.2991,-0.6942
1897,Wellington,-41.2971,174.7932
1898,Wels,48.1676,14.031
1899,Welwyn,51.8372,-0.2186
1900,Wenatchee,47.4221,-120.3266
1901,Werdau,50.7386,12.3672
1902,Werder,52.3683,12.9162
1903,West Chester,39.3434,-84.4009
1904,West Jordan,40.598,-111.9619
1905,West Lafayette,40.4444,-86.9256
1906,West Monroe,32.5317,-92.1768
1907,West Palm Beach,26.6642,-80.1732
1908,West Sacramento,38.5662,-121.5525
1909,West Vancouver,49.3351,-123.1981
1910,Westfield,42.1293,-72.7522
1911,Westville,35.9926,-94.568
1912,Whippany,40.8207,-74.4231
1913,Whitechapel,51.5128,-0.0638
1914,Wickede,51.4984,7.8645
1915,Wiefelstede,53.2466,8.1134
1916,Wigan,53.569,-2.5966
1917,Wijchen,51.8047,5.7247
1918,Wilkesboro,36.1359,-81.1573
1919,Williamson,37.669,-82.2872
1920,Williamstown,42.7087,-73.1987
1921,Wilmington,34.3033,-77.8039
1922,Wilton,41.1997,-73.4343
1923,Winchester,51.1485,-1.2669
1924,Windsor,41.8578,-72.6591
1925,Windsor Mill,39.336,-76.7877
1926,Wingate,54.727,-1.3759
1927,Winnipeg,49.9089,-97.0985
1928,Winsford,53.1835,-2.5119
1929,Winston-Salem,36.0913,-80.3271
1930,Winthrop,42.375,-70.9756
1931,Wise River,45.7913,-112.9495
1932,Witney,51.7822,-1.4851
1933,Wodzisław Śląski,50.0297,18.4528
1934,Woerden,52.0843,4.8805
1935,Wojkowice Kościelne,50.4141,19.2066
1936,Woking,51.3445,-0.6103
1937,Wolf Trap,38.9281,-77.2654
1938,Wolfenbüttel,52.1404,10.5541
1939,Wolfsberg,46.8379,14.8432
1940,Wolfsburg,52.4295,10.7793
1941,Wollerau,47.197,8.6994
1942,Wollongong,-34.4268,150.8941
1943,Wolverhampton,52.6511,-2.1014
1944,Woodbridge,38.6759,-77.3157
1945,Woodridge,41.7523,-88.0541
1946,Woodstock,34.126,-84.5752
1947,Wroclaw,51.101,17.0295
1948,Wuppertal,51.2648,7.1776
1949,Wyckoff,40.9986,-74.1661
1950,Wylie,33.0032,-96.5434
1951,Wynantskill,42.6842,-73.6434
1952,Wynnewood,40.0021,-75.2724
1953,Xalapa,19.54,-96.8891
1954,Xi'an,34.2635,108.9246
1955,Xiamen,24.4793,118.0673
1956,Xiangtan,27.8507,112.897
1957,Xinxiang,35.1874,113.8025
1958,Yale,36.1072,-96.7034
1959,Yaoundé,3.8661,11.5154
1960,Yekaterinburg,56.8577,60.6113
1961,Yeongdeungpo-gu,37.4926,126.92
1962,Yerevan,40.1814,44.5102
1963,Yokkaichi,34.9764,136.6102
1964,Yokohama,35.4337,139.6499
1965,Yokosuka,35.2786,139.6477
1966,Yongin-si,37.1522,127.1752
1967,Yongsan-gu,37.5332,126.9692
1968,Yorkville,41.6423,-88.4429
1969,Ypsilanti,42.2314,-83.6344
1970,Zagreb,45.8293,15.9793
1971,Zaqatala,41.6352,46.6422
1972,Zaragoza,41.6481,-0.8767
1973,Zarautz,43.2905,-2.1706
1974,Zaventem,50.8799,4.4748
1975,Zeeland,51.6997,5.6796
1976,Zemendorf,47.7632,16.4532
1977,Zermatt,45.9906,7.7581
1978,Zhengzhou,34.7599,113.6459
1979,Zollikon,47.3388,8.5769
1980,Zug,47.1685,8.5035
1981,Zumaia,43.2968,-2.2552
1982,Zurich,47.3643,8.5437
1983,Zweibrücken,49.2511,7.3704
1984,Zwolle,52.5262,6.0838
1985,Zwölfaxing,48.1219,16.3917
1986,l'Alfàs del Pi,38.7275,-0.0672
1987,Älvsjö,59.2763,18.0206
1988,Åhus,55.918,14.2861
1989,Ålesund,62.4753,6.1448
1990,Échirolles,45.1439,5.7293
1991,Élancourt,48.7855,1.9588
1992,Étampes,48.4296,2.1516
1993,Ñuñoa,-33.4457,-70.5865
1994,Örebro,59.274,15.2119
1995,Östersund,63.1782,14.6269
1996,Úpice,50.515,16.0158
1997,České Budějovice,48.9001,14.4659
1998,Ōita,33.2213,131.5897
1999,Štramberk,49.593,18.1232
