id,timestamp
0,1715212800
1,1715214600
2,1715216400
3,1715218200
4,1715220000
5,1715221800
6,1715223600
7,1715225400
8,1715227200
9,1715229000
10,1715230800
11,1715232600
12,1715234400
13,1715236200
14,1715238000
15,1715239800
16,1715241600
17,1715243400
18,1715245200
19,1715247000
20,1715248800
21,1715250600
22,1715252400
23,1715254200
24,1715256000
25,1715257800
26,1715259600
27,1715261400
28,1715263200
29,1715265000
30,1715266800
31,1715268600
32,1715270400
33,1715272200
34,1715274000
35,1715275800
36,1715277600
37,1715279400
38,1715281200
39,1715283000
40,1715284800
41,1715286600
42,1715288400
43,1715290200
44,1715292000
45,1715293800
46,1715295600
47,1715297400
